1206,"134 Abbott St",-123.1075964,49.2805945
1207,"216 Abbott St",-123.1075964,49.2805945
1208,"455 Abbott St",-123.1077319,49.281223
1209,"516 Abbott St",-123.1075964,49.2805945
1210,"568 Abbott St",-123.1075964,49.2805945
1211,"603 Abbott St",-123.1075964,49.2805945
1212,"623 Abbott St",-123.1075964,49.2805945
1213,"628 Abbott St",-123.1075964,49.2805945
1214,"660 Abbott St",-123.107552,49.278937
1215,"683 Abbott St",-123.107736,49.278859
1216,"1488 Adanac",-123.02456265,49.27550685
1217,"1600 Alberni St",-123.1274501,49.2877064
1218,"2104 Alberta St",-123.1108685,49.2652474
1219,"55 Alexander St",-123.1004769,49.2840788
1220,"90 Alexander St",-123.1004769,49.2840788
1221,"148 Alexander St",-123.1004769,49.2840788
1222,"305 Alexander St",-123.1004769,49.2840788
1223,"320 Alexander St",-123.1004769,49.2840788
1224,"475 Alexander St",-123.1004769,49.2840788
1225,"200 Alexander St ",-123.1004769,49.2840788
1226,"2083 Alma St",-123.1858846,49.2652713
1227,"2607 Alma St",-123.1858846,49.2652713
1228,"2621 Alma St",-123.186035,49.263236
1229,"2780 Alma St",-123.1858846,49.2652713
1230,"1400 Balsam St",-123.1598746,49.2678294
1231,"5704 Balsam St",-123.1598746,49.2678294
1232,"5723 Balsam St",-123.1598746,49.2678294
1233,"1447 Barclay St",-123.1332262,49.2872314
1234,"2475 Bayswater St",-123.1710091,49.2702033
1235,"2486 Bayswater St",-123.1710091,49.2702033
1236,"510 Beatty St",-123.1102133,49.2801278
1237,"546 Beatty St",-123.1102133,49.2801278
1238,"568 Beatty St",-123.1102133,49.2801278
1239,"590 Beatty St",-123.1102133,49.2801278
1240,"780 Beatty St",-123.1102133,49.2801278
1241,"837 Beatty St",-123.1102133,49.2801278
1242,"858 Beatty St",-123.1149526,49.2766655
1243,"873 Beatty St",-123.1102133,49.2801278
1244,"900 Beatty St",-123.1102133,49.2801278
1245,"777 Bidwell St",-123.1333173,49.2908174
1246,"2400 Birch St",-123.1362758,49.2135182
1247,"2400 Blenheim St",-123.1785985,49.2480472
1248,"2500 Blenheim St",-123.1785985,49.2480472
1249,"3190 Blenheim St",-123.1785985,49.2480472
1250,"5675 Boundary Rd",-123.0238617,49.2116105
1251,"1300 Broughton St",-123.1389573,49.2819438
1252,"200 Burrard St",-123.1155892,49.2876537
1253,"355 Burrard St",-123.1296947,49.278734
1254,"401 Burrard St",-123.1296947,49.278734
1255,"550 Burrard St",-123.1296947,49.278734
1256,"635 Burrard St",-123.1296947,49.278734
1257,"888 Burrard St",-123.1296947,49.278734
1258,"1081 Burrard St",-123.128910213,49.28061615
1259,"1980 Burrard St",-123.1296947,49.278734
1260,"2110 Burrard St",-123.1296947,49.278734
1261,"2385 Burrard St",-123.1296947,49.278734
1262,"2421 Burrard St",-123.1296947,49.278734
1263,"2445 Burrard St",-123.1296947,49.278734
1264,"800 Bute St",-123.1247383,49.2875174
1265,"808 Bute St",-123.1247383,49.2875174
1266,"814 Bute St",-123.1247383,49.2875174
1267,"936 Bute St",-123.1247383,49.2875174
1268,"1100 Bute St",-123.1247383,49.2875174
1269,"220 Cambie St",-123.1147531,49.264916
1270,"300 Cambie St",-123.1147531,49.264916
1271,"440 Cambie St",-123.1147531,49.264916
1272,"845 Cambie St",-123.1147531,49.264916
1273,"888 Cambie St",-123.1147531,49.264916
1274,"891 Cambie St",-123.1147531,49.264916
1275,"2150 Cambie St",-123.1147531,49.264916
1276,"2335 Cambie St",-123.1147531,49.264916
1277,"2893 Cambie St",-123.1147531,49.264916
1278,"3305 Cambie St",-123.1147531,49.264916
1279,"3365 Cambie St",-123.1147531,49.264916
1280,"3440 Cambie St",-123.1147531,49.264916
1281,"4038 Cambie St",-123.1147531,49.264916
1282,"4099 Cambie St",-123.1147531,49.264916
1283,"6488 Cambie St",-123.1147531,49.264916
1284,"8430 Cambie St",-123.1147531,49.264916
1285,"8500 Cambie St",-123.1147531,49.264916
1286,"1078 Cardero St",-123.1381369,49.2855714
1287,"298 Carrall St",-123.1044101,49.2793423
1288,"511 Carrall St",-123.1044101,49.2793423
1289,"5487 Cecil St",-123.0350285,49.2365219
1290,"1716 Charles St",-123.0676245,49.2730262
1291,"505 Clark Dr",-123.0774307,49.2653664
1292,"912 Clark Dr",-123.0774307,49.2653664
1293,"912 Clark Dr",-123.0774307,49.2653664
1294,"203 Columbia St",-122.673738,45.6235102831
1295,"211 Columbia St",-123.102517606,49.2829689
1296,"302 Columbia St",-122.673969414,45.6237754164
1297,"303 Columbia St",-123.1024932,49.2821713
1298,"351 Columbia St",-122.673734028,45.6239012111
1299,"2021 Columbia St",-122.673538506,45.6367221011
1300,"1380 Commercial Dr",-123.0697807,49.262815
1301,"1010 Commercial Drive",-123.0692994,49.2755281
1302,"1016 Commercial Drive",-123.0692595,49.2754223
1303,"1025 Commercial Drive",-123.0697807,49.262815
1304,"1034 Commercial Drive",-123.0692863,49.2751966
1305,"1035 Commercial Drive",-123.0697807,49.262815
1306,"1045 Commercial Drive",-123.0697259,49.2749734
1307,"1103 Commercial Drive",-123.0697807,49.262815
1308,"1111 Commercial Drive",-123.0697807,49.262815
1309,"1132 Commercial Drive",-123.0697807,49.262815
1310,"1135 Commercial Drive",-123.0697807,49.262815
1311,"1204 Commercial Drive",-123.0693521,49.273825
1312,"1365 Commercial Drive",-123.0697807,49.262815
1313,"1380 Commercial Drive",-123.0697807,49.262815
1314,"1404 Commercial Drive",-123.0697807,49.262815
1315,"1505 Commercial Drive",-123.0697807,49.262815
1316,"1520 Commercial Drive",-123.069308,49.2709641
1317,"1604 Commercial Drive",-123.0697807,49.262815
1318,"1620 Commercial Drive",-123.0697807,49.262815
1319,"1675 Commercial Drive",-123.0697807,49.262815
1320,"1714 Commercial Drive",-123.0697807,49.262815
1321,"1726 Commercial Drive",-123.0697807,49.262815
1322,"1858 Commercial Drive",-123.0697807,49.262815
1323,"2010 Commercial Drive",-123.0697807,49.262815
1324,"2096 Commercial Drive",-123.0697807,49.262815
1325,"2210 Commercial Drive",-123.0697807,49.262815
1326,"2279 Commercial Drive",-123.0697807,49.262815
1327,"2290 Commercial Drive",-123.0697807,49.262815
1328,"2575 Commercial Drive",-123.0697807,49.262815
1329,"2598 Commercial Drive",-123.0697807,49.262815
1330,"1592 Comox St",-123.1328018,49.2842117
1331,"1700 Comox St",-123.1328018,49.2842117
1332,"1733 Comox St",-123.1328018,49.2842117
1333,"100 Cordova St",0,0
1334,"100 Cordova St",0,0
1335,"119 Cordova St",0,0
1336,"1935 Cornwall Av",-123.146408,49.2724666
1337,"1937 Cornwall Av",-123.146408,49.2724666
1338,"1941 Cornwall Av",-123.146408,49.2724666
1339,"1945 Cornwall Av",-123.146408,49.2724666
1340,"2200 Cornwall Av",-123.146408,49.2724666
1341,"3425 Crowley",-123.0297626,49.2362268
1342,"110 Davie St",-123.12473,49.2762008
1343,"216 Davie St",-123.1221035,49.2743145
1344,"297 Davie St",-123.12187105,49.2745621
1345,"671 Davie St",-123.12473,49.2762008
1346,"746 Davie St",-123.12473,49.2762008
1347,"1105 Davie St",-123.12473,49.2762008
1348,"1202 Davie St",-123.12473,49.2762008
1349,"1204 Davie St",-123.12473,49.2762008
1350,"1600 Davie St",-123.12473,49.2762008
1351,"1641 Davie St",-123.12473,49.2762008
1352,"1650 Davie St",-123.12473,49.2762008
1353,"1702 Davie St",-123.12473,49.2762008
1354,"1762 Davie St",-123.12473,49.2762008
1355,"1789 Davie St",-123.12473,49.2762008
1356,"679 Denman St",-123.1375894,49.290054
1357,"710 Denman St",-123.1375894,49.290054
1358,"718 Denman St",-123.1375894,49.290054
1359,"745 Denman St",-123.1346753,49.2920814
1360,"768 Denman St",-123.1375894,49.290054
1361,"785 Denman St",-123.1375894,49.290054
1362,"823 Denman St",-123.1375894,49.290054
1363,"935 Denman St",-123.1375894,49.290054
1364,"958 Denman St",-123.1375894,49.290054
1365,"961 Denman St",-123.1375894,49.290054
1366,"1015 Denman St",-123.1375894,49.290054
1367,"1055 Denman St",-123.1375894,49.290054
1368,"1100 Denman St",-123.1375894,49.290054
1369,"1105 Denman St",-123.1406205,49.2881641
1370,"1156 Denman St",-123.1375894,49.290054
1371,"1168 Denman St",-123.1375894,49.290054
1372,"1180 Denman St",-123.1375894,49.290054
1373,"1184 Denman St",-123.1375894,49.290054
1374,"1187 Denman St",-123.1375894,49.290054
1375,"1210 Denman St",-123.1419853,49.2869075
1376,"530 Drake St",-123.1253217,49.2744868
1377,"2505 Dunbar St",-123.1851205,49.2573517
1378,"3204 Dunbar St",-123.1851205,49.2573517
1379,"3211 Dunbar St",-123.1851205,49.2573517
1380,"3228 Dunbar St",-123.1851205,49.2573517
1381,"3308 Dunbar St",-123.1851205,49.2573517
1382,"3322 Dunbar St",-123.1851205,49.2573517
1383,"3335 Dunbar St",-123.1851205,49.2573517
1384,"3456 Dunbar St",-123.1851205,49.2573517
1385,"3468 Dunbar St",-123.1851205,49.2573517
1386,"3637 Dunbar St",-123.1851205,49.2573517
1387,"4205 Dunbar St",-123.1853435,49.2489132
1388,"4219 Dunbar St",-123.1851205,49.2573517
1389,"4231 Dunbar St",-123.1851205,49.2573517
1390,"4236 Dunbar St",-123.1851205,49.2573517
1391,"4243 Dunbar St",-123.1853633,49.2484986
1392,"4250 Dunbar St",-123.1851205,49.2573517
1393,"4306 Dunbar St",-123.1851205,49.2573517
1394,"4326 Dunbar St",-123.1851205,49.2573517
1395,"4336 Dunbar St",-123.1851205,49.2573517
1396,"4355 Dunbar St",-123.1851205,49.2573517
1397,"4395 Dunbar St",-123.1851205,49.2573517
1398,"4428 Dunbar St",-123.1851205,49.2573517
1399,"4432 Dunbar St",-123.1851205,49.2573517
1400,"4445 Dunbar St",-123.1851205,49.2573517
1401,"4446 Dunbar St",-123.1851205,49.2573517
1402,"4467 Dunbar St",-123.1851205,49.2573517
1403,"4474 Dunbar St",-123.1851205,49.2573517
1404,"4497 Dunbar St",-123.1851205,49.2573517
1405,"4555 Dunbar St",-123.1851205,49.2573517
1406,"4603 Dunbar St",-123.1851205,49.2573517
1407,"5587 Dunbar St",-123.1851205,49.2573517
1408,"5601 Dunbar St",-123.1851205,49.2573517
1409,"2177 Dundas St",-123.0616489,49.2848205
1410,"37 Dunlevy Av",-123.0955608,49.2771474
1411,"211 Dunlevy Av",-123.0955608,49.2771474
1412,"304 Dunlevy Av",-123.0955608,49.2771474
1413,"433 Dunlevy Av",-123.0955608,49.2771474
1414,"37 Dunlevy St",0,0
1415,"55 Dunlevy St",0,0
1416,"579 Dunsmuir St",-123.1105871,49.2798827
1417,"885 Dunsmuir St",-123.1105871,49.2798827
1418,"888 Dunsmuir St",-123.1183675,49.2847064
1419,"900 Dunsmuir St",-123.1105871,49.2798827
1420,"111 E 10th",0,0
1421,"1700 E 10th Av",-123.0736522,49.2614073
1422,"295 E 11th Av",-123.0238118,49.2600921
1423,"1800 E 11th Av",-123.0238118,49.2600921
1424,"2800 E 12th Av",-123.0653004,49.2595078
1425,"607 E 15th Av",-123.0738562,49.2565303
1426,"617 E 15th Av",-123.0738562,49.2565303
1427,"635 E 15th Av",-123.0738562,49.2565303
1428,"639 E 15th Av",-123.0738562,49.2565303
1429,"665 E 15th Av",-123.0738562,49.2565303
1430,"617 E 15th St",-122.665857756,45.632489584
1431,"639 E 15th St",-122.66577921,45.6324974527
1432,"649 E 15th St",-122.665744115,45.632505349
1433,"211 E 16th Av",-123.1051765,49.2566421
1434,"197 E 17th Av",-123.0365628,49.2547519
1435,"2450 E 24th Av",-123.0337301,49.2487698
1436,"2790 E 29th Av",-123.0237475,49.2444253
1437,"127 E 2nd Av",-123.0982003,49.2677663
1438,"238 E 2nd Ave",-123.0982003,49.2677663
1439,"107 E 3rd",0,0
1440,"143 E 3rd",0,0
1441,"112 E 3rd Av",-123.0599849,49.2677198
1442,"146 E 3rd Av",-123.0599849,49.2677198
1443,"696 E 45th Av",-123.0851442,49.2290951
1444,"20 E 4th Av",-123.063868,49.2668414
1445,"127 E 4th Av",-123.063868,49.2668414
1446,"137 E 4th Av",-123.063868,49.2668414
1447,"272 E 4th Av",-123.1015794,49.267326
1448,"7 E 6th Av",-123.1902746,49.1293379
1449,"48 E 6th Av",-123.0780995,49.2651775
1450,"203 E 6th Av",-123.0780995,49.2651775
1451,"209 E 6th Av",-123.0780995,49.2651775
1452,"1600 E 6th Av",-123.0793879,49.2651849
1453,"77 E 7th Av",-123.0969677,49.2645464
1454,"156 E 7th Av",-123.089101,49.2643141
1455,"303 E 8th Av",-123.0986417,49.2637844
1456,"1600 E 8th Av",-123.0435288,49.2629321
1457,"5 E 8th St",-122.6436483,45.6267932
1458,"105 E Broadway",-123.1027603,49.2631075
1459,"127 E Broadway",-123.1023261,49.2631035
1460,"612 E Broadway",-123.090580134,49.2622748
1461,"615 E Broadway",-123.0620221,49.2622618
1462,"800 E Broadway",-123.0668154,49.2622819
1463,"1458 E Broadway",-123.0620221,49.2622618
1464,"1464 E Broadway",-123.0620221,49.2622618
1465,"1725 E Broadway",-123.0620221,49.2622618
1466,"8 E Cordova St",-123.0933836,49.2821577
1467,"44 E Cordova St",-123.0933836,49.2821577
1468,"63 E Cordova St",-123.0933836,49.2821577
1469,"93 E Cordova St",-123.0933836,49.2821577
1470,"138 E Cordova St",-123.0933836,49.2821577
1471,"501 E Georgia",-84.2456147,33.8238675
1472,"208 E Georgia St",-123.0872501,49.2783406
1473,"239 E Georgia St",-123.0915972,49.2784234
1474,"501 E Georgia St",-123.0872501,49.2783406
1475,"628 E Georgia St",-123.0872501,49.2783406
1476,"288 E Hastings",-123.1109361,49.2834072
1477,"601 E Hastings",0,0
1478,"701 E Hastings",0,0
1479,"717 E Hastings",0,0
1480,"2296 E Hastings",0,0
1481,"403 E Hastings St",-123.0440659,49.2811211
1482,"449 E Hastings St",-123.0493224,49.2811306
1483,"533 E Hastings St",-123.0440659,49.2811211
1484,"573 E Hastings St",-123.0440659,49.2811211
1485,"649 E Hastings St",-123.0440659,49.2811211
1486,"651 E Hastings St",-123.0440659,49.2811211
1487,"684 E Hastings St",-123.0440659,49.2811211
1488,"769 E Hastings St",-123.0440659,49.2811211
1489,"843 E Hastings St",-123.0440659,49.2811211
1490,"1489 E Hastings St",-123.0440659,49.2811211
1491,"1489 E Hastings St",-123.0440659,49.2811211
1492,"1618 E Hastings St",-123.0440659,49.2811211
1493,"1736 E Hastings St",-123.0440659,49.2811211
1494,"1756 E Hastings St",-123.0440659,49.2811211
1495,"1909 E Hastings St",-123.0440659,49.2811211
1496,"2342 E Hastings St",-123.0440659,49.2811211
1497,"2465 E Hastings St",-123.0440659,49.2811211
1498,"2510 E Hastings St",-123.0542318,49.2810042
1499,"2585 E Hastings St",-123.052488,49.2812763
1500,"2614 E Hastings St",-123.0440659,49.2811211
1501,"2647 E Hastings St",-123.0440659,49.2811211
1502,"2674 E Hastings St",-123.0501554,49.2809848
1503,"2769 E Hastings St",-123.0472522,49.2812607
1504,"3423 E Hastings St",-123.0440659,49.2811211
1505,"3433 E Hastings St",-123.0440659,49.2811211
1506,"3435 E Hastings St",-123.0440659,49.2811211
1507,"3475 E Hastings St",-123.0440659,49.2811211
1508,"3501 E Hastings St",-123.0440659,49.2811211
1509,"3550 E Hastings St",-123.0440659,49.2811211
1510,"3561 E Hastings St",-123.0440659,49.2811211
1511,"3578 E Hastings St",-123.0440659,49.2811211
1512,"3599 E Hastings St",-123.0440659,49.2811211
1513,"3622 E Hastings St",-123.0440659,49.2811211
1514,"3660 E Hastings St",-123.0440659,49.2811211
1515,"3683 E Hastings St",-123.0440659,49.2811211
1516,"100 E Pender St",-123.1022767,49.2804538
1517,"142 E Pender St",-123.1022767,49.2804538
1518,"5720 East Boulevard",-123.1521802,49.2232428
1519,"1809 Fir St",-123.14098,49.269394
1520,"1810 Fir St",-123.1409509,49.2642837
1521,"3207 Fraser St",-123.0911203,49.2110896
1522,"3213 Fraser St",-123.0911203,49.2110896
1523,"3227 Fraser St",-123.0911203,49.2110896
1524,"3245 Fraser St",-123.0911203,49.2110896
1525,"3381 Fraser St",-123.0911203,49.2110896
1526,"3455 Fraser St",-123.0911203,49.2110896
1527,"3469 Fraser St",-123.0911203,49.2110896
1528,"3485 Fraser St",-123.0911203,49.2110896
1529,"3497 Fraser St",-123.0911203,49.2110896
1530,"4097 Fraser St",-123.0911203,49.2110896
1531,"4129 Fraser St",-123.0911203,49.2110896
1532,"4153 Fraser St",-123.0911203,49.2110896
1533,"4230 Fraser St",-123.0911203,49.2110896
1534,"4259 Fraser St",-123.0911203,49.2110896
1535,"4287 Fraser St",-123.0911203,49.2110896
1536,"4288 Fraser St",-123.0911203,49.2110896
1537,"4304 Fraser St",-123.0911203,49.2110896
1538,"4305 Fraser St",-123.0911203,49.2110896
1539,"4386 Fraser St",-123.0911203,49.2110896
1540,"4588 Fraser St",-123.0911203,49.2110896
1541,"4590 Fraser St",-123.0911203,49.2110896
1542,"4950 Fraser St",-123.0911203,49.2110896
1543,"5550 Fraser St",-123.0911203,49.2110896
1544,"5838 Fraser St",-123.0911203,49.2110896
1545,"5907 Fraser St",-123.0911203,49.2110896
1546,"5914 Fraser St",-123.0911203,49.2110896
1547,"6007 Fraser St",-123.090723,49.229954
1548,"6105 Fraser St",-123.0911203,49.2110896
1549,"6108 Fraser St",-123.0911203,49.2110896
1550,"6204 Fraser St",-123.0904315,49.2281819
1551,"6207 Fraser St",-123.0911203,49.2110896
1552,"6294 Fraser St",-123.0911203,49.2110896
1553,"6305 Fraser St",-123.0911203,49.2110896
1554,"6330 Fraser St",-123.0911203,49.2110896
1555,"6434 Fraser St",-123.0911203,49.2110896
1556,"6504 Fraser St",-123.0911203,49.2110896
1557,"6505 Fraser St",-123.0911203,49.2110896
1558,"1154 Gilford St",-123.1364972,49.2928481
1559,"189 Gore Av",-123.0976637,49.2826959
1560,"789 Gore Av",-123.0976637,49.2826959
1561,"747 Gore St",-122.8678848,49.2840098
1562,"789 Gore St",-122.8678848,49.2840098
1563,"2825 Grandview Hwy",-123.0319973,49.2581834
1564,"470 Granville St",-123.1383551,49.2670556
1565,"540 Granville St",-123.1383551,49.2670556
1566,"543 Granville St",-123.1383551,49.2670556
1567,"736 Granville St",-123.1186645,49.2819452
1568,"798 Granville St",-123.1383551,49.2670556
1569,"819 Granville St",-123.1383551,49.2670556
1570,"850 Granville St",-123.1383551,49.2670556
1571,"881 Granville St",-123.1383551,49.2670556
1572,"929 Granville St",-123.1383551,49.2670556
1573,"1025 Granville St",-123.1383551,49.2670556
1574,"1043 Granville St",-123.1383551,49.2670556
1575,"1117 Granville St",-123.1383551,49.2670556
1576,"1149 Granville St",-123.1383551,49.2670556
1577,"1176 Granville St",-123.1383551,49.2670556
1578,"1208 Granville St",-123.1383551,49.2670556
1579,"1265 Granville St",-123.1383551,49.2670556
1580,"2247 Granville St",-123.1387802,49.265448
1581,"2335 Granville St",-123.1387557,49.2647522
1582,"2447 Granville St",-123.1383551,49.2670556
1583,"2516 Granville St",-123.1383551,49.2670556
1584,"2590 Granville St",-123.1383551,49.2670556
1585,"2600 Granville St",-123.1383551,49.2670556
1586,"2601 Granville St",-123.1383551,49.2670556
1587,"2609 Granville St",-123.1383551,49.2670556
1588,"2658 Granville St",-123.138509,49.262054
1589,"2705 Granville St",-123.1389445,49.2615978
1590,"2723 Granville St",-123.1383551,49.2670556
1591,"2750 Granville St",-123.138493,49.261256
1592,"2775 Granville St",-123.1383551,49.2670556
1593,"2801 Granville St",-123.1388298,49.2606351
1594,"2814 Granville St",-123.1383551,49.2670556
1595,"2888 Granville St",-123.1383078,49.2599522
1596,"2977 Granville St",-123.1383551,49.2670556
1597,"2996 Granville St",-123.1384474,49.2590419
1598,"2997 Granville St",-123.1383551,49.2670556
1599,"3010 Granville St",-123.1383551,49.2670556
1600,"3014 Granville St",-123.1384725,49.2584856
1601,"3097 Granville St",-123.1383551,49.2670556
1602,"3149 Granville St",-123.1383551,49.2670556
1603,"7985 Granville St",-123.1383551,49.2670556
1604,"8002 Granville St",-123.1383551,49.2670556
1605,"8075 Granville St",-123.1383551,49.2670556
1606,"8155 Granville St",-123.1383551,49.2670556
1607,"8168 Granville St",-123.1383551,49.2670556
1608,"8273 Granville St",-123.1383551,49.2670556
1609,"8289 Granville St",-123.1383551,49.2670556
1610,"8324 Granville St",-123.1383551,49.2670556
1611,"8333 Granville St",-123.1383551,49.2670556
1612,"8435 Granville St",-123.1383551,49.2670556
1613,"8490 Granville St",-123.1383551,49.2670556
1614,"8594 Granville St",-123.1383551,49.2670556
1615,"8630 Granville St",-123.1383551,49.2670556
1616,"8662 Granville St",-123.1383551,49.2670556
1617,"8679 Granville St",-123.1383551,49.2670556
1618,"8697 Granville St",-123.1383551,49.2670556
1619,"800 Griffiths Way",-123.109395,49.2772218
1620,"555 Hamilton St",-123.1210871,49.2759217
1621,"1090 Hamilton St",-123.1210871,49.2759217
1622,"2500 Heather St",-123.1207078,49.2393525
1623,"2530 Heather St",-123.1207078,49.2393525
1624,"3195 Heather St",-123.1202522,49.2571435
1625,"3261 Heather St",-123.1207078,49.2393525
1626,"409 Heatley Av",-123.0897374,49.2765923
1627,"500 Helmcken St",-123.1251259,49.2785385
1628,"508 Helmcken St",-123.1251259,49.2785385
1629,"540 Helmcken St",-123.1251259,49.2785385
1630,"600 Helmcken St",-123.1251259,49.2785385
1631,"600 Helmcken St",-123.1251259,49.2785385
1632,"609 Helmcken St",-123.123802,49.277771
1633,"649 Helmcken St",-123.1251259,49.2785385
1634,"1085 Helmcken St",-123.1251259,49.2785385
1635,"318 Homer St",-123.1184951,49.2784031
1636,"420 Homer St",-123.1184951,49.2784031
1637,"514 Homer St",-123.1184951,49.2784031
1638,"777 Homer St",-123.1184951,49.2784031
1639,"856 Homer St",-123.1184951,49.2784031
1640,"891 Homer St",-123.1184951,49.2784031
1641,"1006 Homer St",-123.1184951,49.2784031
1642,"1062 Homer St",-123.120857,49.276684
1643,"1068 Homer St",-123.120981,49.276626
1644,"1090 Homer St",-123.1184951,49.2784031
1645,"1095 Homer St",-123.1184951,49.2784031
1646,"1096 Homer St",-123.12148,49.276282
1647,"1122 Homer St",-123.1184951,49.2784031
1648,"1144 Homer St",-123.1184951,49.2784031
1649,"1148 Homer St",-123.1184951,49.2784031
1650,"1180 Homer St",-123.1184951,49.2784031
1651,"1238 Homer St",-123.1184951,49.2784031
1652,"1290 Homer St",-123.1184951,49.2784031
1653,"1359 Hornby",-123.123805,49.2812985
1654,"586 Hornby St",-123.1178872,49.285018
1655,"811 Hornby St",-123.123805,49.2812985
1656,"815 Hornby St",-123.123805,49.2812985
1657,"951 Hornby St",-123.123805,49.2812985
1658,"1054 Hornby St",-123.123805,49.2812985
1659,"1082 Hornby St",-123.123805,49.2812985
1660,"1090 Hornby St",-123.123805,49.2812985
1661,"1177 Hornby St",-123.1279429,49.2789301
1662,"1401 Hornby St",-123.123805,49.2812985
1663,"1451 Hornby St",-123.123805,49.2812985
1664,"325 Howe St",-123.1153441,49.2856297
1665,"466 Howe St",-123.1153441,49.2856297
1666,"535 Howe St",-123.1153441,49.2856297
1667,"555 Howe St",-123.1153441,49.2856297
1668,"595 Howe St",-123.1153441,49.2856297
1669,"625 Howe St",-123.1153441,49.2856297
1670,"1095 Howe St",-123.1153441,49.2856297
1671,"1512 Howe St",-123.1153441,49.2856297
1672,"1811 Howe St",-123.1153441,49.2856297
1673,"1100 Jervis St ",-123.1248988,49.2894532
1674,"5082 Joyce St",-123.0311698,49.2385266
1675,"5099 Joyce St",-123.0336145,49.2364482
1676,"5128 Joyce St",-123.0336145,49.2364482
1677,"5160 Joyce St",-123.0336145,49.2364482
1678,"145 Keefer St",-123.0813241,49.2791367
1679,"232 Keefer St",-123.0813241,49.2791367
1680,"2300 Keith St",-123.0206374,49.2067488
1681,"76 Kingsway",-123.0558073,49.2407563
1682,"188 Kingsway",-123.0558073,49.2407563
1683,"359 Kingsway",-123.0558073,49.2407563
1684,"398 Kingsway",-123.0558073,49.2407563
1685,"488 Kingsway",-123.0558073,49.2407563
1686,"500 Kingsway",-122.9920885,49.2264057
1687,"560 Kingsway",-123.0558073,49.2407563
1688,"612 Kingsway",-123.0558073,49.2407563
1689,"650 Kingsway",-123.0558073,49.2407563
1690,"868 Kingsway",-123.0558073,49.2407563
1691,"1284 Kingsway",-123.0558073,49.2407563
1692,"1303 Kingsway",-123.0558073,49.2407563
1693,"1327 Kingsway",-123.0558073,49.2407563
1694,"1333 Kingsway",-123.0558073,49.2407563
1695,"1346 Kingsway",-123.0558073,49.2407563
1696,"1356 Kingsway",-123.0558073,49.2407563
1697,"1391 Kingsway",-123.0558073,49.2407563
1698,"1398 Kingsway",-123.0558073,49.2407563
1699,"1409 Kingsway",-123.0558073,49.2407563
1700,"1427 Kingsway",-123.0558073,49.2407563
1701,"1432 Kingsway",-123.0558073,49.2407563
1702,"1459 Kingsway",-123.0558073,49.2407563
1703,"1475 Kingsway",-123.0558073,49.2407563
1704,"1680 Kingsway",-123.0558073,49.2407563
1705,"1760 Kingsway",-123.0558073,49.2407563
1706,"1818 Kingsway",-123.0558073,49.2407563
1707,"1850 Kingsway",-123.0558073,49.2407563
1708,"2066 Kingsway",-123.0643295,49.2445948
1709,"2127 Kingsway",-123.0558073,49.2407563
1710,"2386 Kingsway",-123.0558073,49.2407563
1711,"2392 Kingsway",-123.0558073,49.2407563
1712,"2536 Kingsway",-123.0558073,49.2407563
1713,"2934 Kingsway",-123.0558073,49.2407563
1714,"3012 Kingsway",-123.0558073,49.2407563
1715,"3490 Kingsway",-123.0558073,49.2407563
1716,"3541 Kingsway",-123.0558073,49.2407563
1717,"3544 Kingsway",-123.0558073,49.2407563
1718,"3546 Kingsway",-123.0558073,49.2407563
1719,"3617 Kingsway",-123.0558073,49.2407563
1720,"3665 Kingsway",-123.023688,49.232517
1721,"3919 Knight St",-123.0772842,49.2100405
1722,"405 Kootenay St",-123.0256981,49.2829358
1723,"5818 Lincoln St",-123.025929,49.2326481
1724,"2001 Macdonald St",-123.168386,49.2649681
1725,"2001 Macdonald st",-123.168386,49.2649681
1726,"4109 Macdonald St",-123.168386,49.2649681
1727,"4889 Mackenzie St",-123.1702523,49.2413624
1728,"4894 Mackenzie St",-123.1702523,49.2413624
1729,"121 Main St",-123.1008249,49.2644126
1730,"222 Main St",-123.1008249,49.2644126
1731,"231 Main St",-123.1008249,49.2644126
1732,"309 Main St",-123.1008249,49.2644126
1733,"416 Main St",-123.1008249,49.2644126
1734,"506 Main St",-122.671836974,45.6250697905
1735,"700 Main St",-123.099578,49.278388
1736,"708 Main St",-122.671767766,45.6266160921
1737,"728 Main St",-122.67176568,45.6267238481
1738,"917 Main St",-122.671501395,45.6281988114
1739,"928 Main St",-122.671735976,45.6282665151
1740,"1008 Main St",-122.671733781,45.6289246007
1741,"1011 Main St",-122.67149961,45.6289324747
1742,"1399 Main St",-122.671443,45.631748
1743,"1965 Main St",-123.1010349,49.2680905
1744,"2148 Main St",-123.1005754,49.2657421
1745,"2218 Main St",-122.671546633,45.6378232245
1746,"2543 Main St",-122.671304205,45.6397719933
1747,"2600 Main St",-123.1007515,49.2618572
1748,"2655 Main St",-122.67110923,45.6405322347
1749,"2812 Main St",-122.670509739,45.642270587
1750,"2818 Main St",-122.670506478,45.6422771739
1751,"2828 Main St",-122.670501043,45.6422881522
1752,"2949 Main St",-122.669333381,45.6440941448
1753,"2970 Main St",-122.670164848,45.6429441402
1754,"2980 Main St",-123.1009307,49.2584941
1755,"3010 Main St",-123.100843276,49.2582545
1756,"3045 Main St",-122.669251432,45.6442576679
1757,"3102 Main St",-123.100857602,49.2572599
1758,"3463 Main St",-122.668029583,45.6477877778
1759,"3699 Main St",-123.10117,49.251909
1760,"3835 Main St",-122.667605869,45.6494232871
1761,"4071 Main St",-122.667083355,45.6515595989
1762,"4172 Main St",-122.667050883,45.6516962818
1763,"4205 Main St",-122.666834814,45.6538414121
1764,"4363 Main St",-122.666773901,45.6541371712
1765,"4515 Main St",-122.665599142,45.65941666
1766,"4531 Main St",-122.665597684,45.659424327
1767,"4570 Main St",-122.66660862,45.6549377665
1768,"4750 Main St",-122.666319,45.656663
1769,"5685 Main St",-123.1008249,49.2644126
1770,"5749 Main St",-123.1008249,49.2644126
1771,"900 Mainland St",-123.1205823,49.2755957
1772,"910 Mainland St",-123.1205823,49.2755957
1773,"1195 Mainland St",-123.1205823,49.2755957
1774,"1605 Manitoba St",-123.1068232,49.2714565
1775,"1945 Manitoba St",-123.1068815,49.2621074
1776,"1200 Marinaside Crescent",-123.1214981,49.2719062
1777,"1228 Marinaside Crescent ",-123.1214981,49.2719062
1778,"127 N Templeton Drive",0,0
1779,"1316 Nanaimo St",-123.0572451,49.2425758
1780,"1340 Nanaimo St",-123.0572451,49.2425758
1781,"1386 Nanaimo St",-123.0572451,49.2425758
1782,"1390 Nanaimo St",-123.0572451,49.2425758
1783,"3208 Oak St",-123.1270226,49.256999
1784,"3244 Oak St",-123.130342,49.2066731
1785,"189 Ontario Place",-123.1037007,49.2325805
1786,"1836 Ontario St",-123.1045912,49.2708874
1787,"1863 Ontario St",-123.1045912,49.2708874
1788,"2515 Ontario St",-123.1045912,49.2708874
1789,"1279 Pacific Boulevard",-123.1324796,49.2770415
1790,"1300 Pacific Boulevard",-123.1324796,49.2770415
1791,"2855 Point Grey Rd",-123.1662872,49.2721411
1792,"3215 Point Grey Rd",-123.1662872,49.2721411
1793,"3700 Point Grey Rd",-123.1662872,49.2721411
1794,"40 Powell St",-123.0818244,49.2827136
1795,"43 Powell St",-123.0818244,49.2827136
1796,"253 Powell St",-123.0818244,49.2827136
1797,"300 Powell St",-123.0974576,49.2829921
1798,"362 Powell St",-123.0818244,49.2827136
1799,"374 Powell St",-123.0818244,49.2827136
1800,"398 Powell St",-123.0818244,49.2827136
1801,"403 Powell St",-123.0818244,49.2827136
1802,"415 Powell St",-123.0818244,49.2827136
1803,"429 Powell St",-123.0818244,49.2827136
1804,"451 Powell St",-123.0818244,49.2827136
1805,"453 Powell St",-123.0818244,49.2827136
1806,"528 Powell St",-123.0818244,49.2827136
1807,"537 Powell St",-123.0818244,49.2827136
1808,"543 Powell St",-123.0818244,49.2827136
1809,"550 Powell St",-123.0818244,49.2827136
1810,"566 Powell St",-123.0818244,49.2827136
1811,"569 Powell St",-123.0818244,49.2827136
1812,"580 Powell St",-123.0818244,49.2827136
1813,"606 Powell St",-123.0818244,49.2827136
1814,"1728 Powell St",-123.0818244,49.2827136
1815,"1729 Powell St",-123.0818244,49.2827136
1816,"2755 Prince Edward St",-123.0971223,49.235333
1817,"2043 Quebec St",-123.1018644,49.2731289
1818,"2323 Quebec St",-123.1018644,49.2731289
1819,"343 Railway",-123.169817944,49.12384565
1820,"343 Railway St",-123.0944942,49.2849402
1821,"395 Railway St",-123.0944942,49.2849402
1822,"460 Railway St",-123.0944942,49.2849402
1823,"440 Richards St",-123.1210386,49.2779815
1824,"500 Richards St",-123.1210386,49.2779815
1825,"555 Richards St",-123.1210386,49.2779815
1826,"577 Richards St",-123.1210386,49.2779815
1827,"808 Richards St",-123.1210386,49.2779815
1828,"971 Richards St",-123.1210386,49.2779815
1829,"1188 Richards St",-123.1210386,49.2779815
1830,"1200 Richards St",-123.1210386,49.2779815
1831,"1320 Richards St",-123.1210386,49.2779815
1832,"1400 Richards St",-123.1210386,49.2779815
1833,"111 Robson St",-123.1248068,49.284589
1834,"433 Robson St",-123.1248068,49.284589
1835,"480 Robson St",-123.1248068,49.284589
1836,"516 Robson St",-123.1248068,49.284589
1837,"550 Robson St",-123.1248068,49.284589
1838,"608 Robson St",-123.1248068,49.284589
1839,"1025 Robson St",-123.1248068,49.284589
1840,"1150 Robson St",-123.1248068,49.284589
1841,"1175 Robson St",-123.1248068,49.284589
1842,"1182 Robson St",-123.1248068,49.284589
1843,"1187 Robson St",-123.1248068,49.284589
1844,"1225 Robson St",-123.1248068,49.284589
1845,"1280 Robson St",-123.1282015,49.2867465
1846,"1290 Robson St",-123.1248068,49.284589
1847,"1300 Robson St",-123.1248068,49.284589
1848,"1323 Robson St",-123.1248068,49.284589
1849,"1553 Robson St",-123.1248068,49.284589
1850,"1688 Robson St",-123.1248068,49.284589
1851,"1701 Robson St",-123.1248068,49.284589
1852,"1716 Robson St",-123.1348701,49.2909832
1853,"1741 Robson St",-123.1248068,49.284589
1854,"1766 Robson St",-123.1248068,49.284589
1855,"1779 Robson St",-123.1248068,49.284589
1856,"1785 Robson St",-123.1248068,49.284589
1857,"1793 Robson St",-123.1248068,49.284589
1858,"1800 Robson St",-123.1248068,49.284589
1859,"1817 Robson St",-123.1248068,49.284589
1860,"555 Seymour St",-123.1268163,49.2754457
1861,"655 Seymour St",-123.1268163,49.2754457
1862,"901 Seymour St",-123.1268163,49.2754457
1863,"1067 Seymour St",-123.1268163,49.2754457
1864,"1100 Seymour St",-123.1268163,49.2754457
1865,"1107 Seymour St",-123.1268163,49.2754457
1866,"1160 Seymour St",-123.1268163,49.2754457
1867,"405 Skeena St",-123.0284727,49.2661905
1868,"79 Smithe ",-123.1227347,49.2811361
1869,"99 Smithe ",-123.1227347,49.2811361
1870,"79 Smithe St",-123.1227347,49.2811361
1871,"99 Smithe St",-123.1227347,49.2811361
1872,"601 Smithe St",-123.1227347,49.2811361
1873,"1000 Smithe St",-123.1227347,49.2811361
1874,"2025 Stephens St",-123.1662973,49.2701141
1875,"842 Thurlow St",-123.1253466,49.2842331
1876,"2480 Trafalgar St",-123.1647334,49.2620109
1877,"2590 Trimble St",-123.2060029,49.2655449
1878,"1946 Triumph St",-123.0659079,49.2839211
1879,"2400 Trutch St",-123.1759007,49.264657
1880,"219 Union St",-123.0935862,49.2775449
1881,"221 Union St",-123.0935862,49.2775449
1882,"231 Union St",-123.0935862,49.2775449
1883,"241 Union St",-123.0935862,49.2775449
1884,"243 Union St",-123.0980833,49.2777456
1885,"251 Union St",-123.0935862,49.2775449
1886,"255 Union St",-123.0935862,49.2775449
1887,"598 Union St",-123.0935862,49.2775449
1888,"1033 Venables St",-123.0814649,49.2769065
1889,"1697 Venables St",-123.0799819,49.2768059
1890,"1302 Victoria Drive",-123.0654132,49.2369318
1891,"4932 Victoria Drive",-123.0654132,49.2369318
1892,"4969 Victoria Drive",-123.0654132,49.2369318
1893,"4990 Victoria Drive",-123.0654132,49.2369318
1894,"5026 Victoria Drive",-123.0654132,49.2369318
1895,"5037 Victoria Drive",-123.06556,49.239079
1896,"5038 Victoria Drive",-123.0654132,49.2369318
1897,"5052 Victoria Drive",-123.0654132,49.2369318
1898,"5057 Victoria Drive",-123.0654132,49.2369318
1899,"5076 Victoria Drive",-123.0654132,49.2369318
1900,"5124 Victoria Drive",-123.0654132,49.2369318
1901,"5157 Victoria Drive",-123.0654132,49.2369318
1902,"5239 Victoria Drive",-123.0654132,49.2369318
1903,"5265 Victoria Drive",-123.0654132,49.2369318
1904,"5393 Victoria Drive",-123.0654132,49.2369318
1905,"5448 Victoria Drive",-123.0654132,49.2369318
1906,"5449 Victoria Drive",-123.0654132,49.2369318
1907,"5470 Victoria Drive",-123.0654132,49.2369318
1908,"5492 Victoria Drive",-123.0654132,49.2369318
1909,"5501 Victoria Drive",-123.0654132,49.2369318
1910,"5579 Victoria Drive",-123.0654132,49.2369318
1911,"5590 Victoria Drive",-123.0654132,49.2369318
1912,"5656 Victoria Drive",-123.0654132,49.2369318
1913,"5661 Victoria Drive",-123.0654132,49.2369318
1914,"5723 Victoria Drive",-123.065773,49.232374
1915,"5732 Victoria Drive",-123.0654132,49.2369318
1916,"5780 Victoria Drive",-123.0654132,49.2369318
1917,"5807 Victoria Drive",-123.0654132,49.2369318
1918,"5853 Victoria Drive",-123.0654132,49.2369318
1919,"5885 Victoria Drive",-123.0654132,49.2369318
1920,"6225 Victoria Drive",-123.0654132,49.2369318
1921,"6370 Victoria Drive",-123.0654132,49.2369318
1922,"6404 Victoria Drive",-123.0654132,49.2369318
1923,"6440 Victoria Drive",-123.0654132,49.2369318
1924,"6470 Victoria Drive",-123.0654132,49.2369318
1925,"6471 Victoria Drive",-123.0654132,49.2369318
1926,"6495 Victoria Drive",-123.0654132,49.2369318
1927,"6579 Victoria Drive",-123.0654132,49.2369318
1928,"6586 Victoria Drive",-123.0654132,49.2369318
1929,"6647 Victoria Drive",-123.0654132,49.2369318
1930,"6689 Victoria Drive",-123.0654132,49.2369318
1931,"6904 Victoria Drive",-123.0654132,49.2369318
1932,"6942 Victoria Drive",-123.0654132,49.2369318
1933,"6945 Victoria Drive",-123.0654132,49.2369318
1934,"6979 Victoria Drive",-123.0654132,49.2369318
1935,"3702 W 10th Av",-123.1861222,49.2633729
1936,"3743 W 10th Av",-123.2000743,49.2636997
1937,"3751 W 10th Av",-123.2000743,49.2636997
1938,"3754 W 10th Av",-123.2000743,49.2636997
1939,"3760 W 10th Av",-123.2000743,49.2636997
1940,"3783 W 10th Av",-123.2000743,49.2636997
1941,"3788 W 10th Av",-123.1874291,49.2633948
1942,"4326 W 10th Av",-123.2000743,49.2636997
1943,"4330 W 10th Av",-123.2000743,49.2636997
1944,"4343 W 10th Av",-123.2000743,49.2636997
1945,"4346 W 10th Av",-123.2000743,49.2636997
1946,"4375 W 10th Av",-123.2000743,49.2636997
1947,"4387 W 10th Av",-123.2000743,49.2636997
1948,"4397 W 10th Av",-123.2000743,49.2636997
1949,"4401 W 10th Av",-123.2000743,49.2636997
1950,"4426 W 10th Av",-123.2000743,49.2636997
1951,"4434 W 10th Av",-123.2000743,49.2636997
1952,"4441 W 10th Av",-123.2000743,49.2636997
1953,"4444 W 10th Av",-123.2000743,49.2636997
1954,"4449 W 10th Av",-123.2000743,49.2636997
1955,"4455 W 10th Av",-123.2000743,49.2636997
1956,"4456 W 10th Av",-123.2000743,49.2636997
1957,"4459 W 10th Av",-123.2000743,49.2636997
1958,"4479 W 10th Av",-123.2000743,49.2636997
1959,"4480 W 10th Av",-123.2085374,49.2636513
1960,"4485 W 10th Av",-123.2000743,49.2636997
1961,"4501 W 10th Av",-123.2000743,49.2636997
1962,"4502 W 10th Av",-123.2000743,49.2636997
1963,"4516 W 10th Av",-123.2000743,49.2636997
1964,"4520 W 10th Av",-123.2000743,49.2636997
1965,"4530 W 10th Av",-123.2000743,49.2636997
1966,"4538 W 10th Av",-123.2000743,49.2636997
1967,"4545 W 10th Av",-123.2000743,49.2636997
1968,"4580 W 10th Av",-123.2000743,49.2636997
1969,"4597 W 10th Av",-123.2000743,49.2636997
1970,"1510 W 11th Av",-123.1095396,49.261241
1971,"1520 W 11th Av",-123.1095396,49.261241
1972,"1440 W 12th Av",-123.136489,49.260671
1973,"1507 W 12th Av",-123.1411292,49.2608353
1974,"2108 W 12th Av",-123.1411292,49.2608353
1975,"1500 W 13th Av",-123.1742034,49.2605552
1976,"1510 W 14th Av",-123.1909968,49.2599233
1977,"1520 W 15th Av",-123.1347888,49.2579436
1978,"2100 W 16th Av",-123.1965537,49.2579946
1979,"2595 W 16th Av",-123.1965537,49.2579946
1980,"2603 W 16th Av",-123.1965537,49.2579946
1981,"2607 W 16th Av",-123.1965537,49.2579946
1982,"2611 W 16th Av",-123.1965537,49.2579946
1983,"2627 W 16th Av",-123.1965537,49.2579946
1984,"2756 W 16th Av",-123.1965537,49.2579946
1985,"3195 W 16th Av",-123.1965537,49.2579946
1986,"3870 W 16th Av",-123.1965537,49.2579946
1987,"3637 W 17th Av",-123.1683404,49.2570838
1988,"85 W 1st Av",-123.1835324,49.2712847
1989,"106 W 1st Av",-123.1835324,49.2712847
1990,"1800 W 1st Av",-123.1835324,49.2712847
1991,"1809 W 1st Av",-123.1835324,49.2712847
1992,"1855 W 1st Av",-123.1835324,49.2712847
1993,"1898 W 1st Av",-123.1835324,49.2712847
1994,"1900 W 1st Av",-123.148062291,49.2704651
1995,"2100 W 1st Av",-123.1835324,49.2712847
1996,"988 W 21st Av",-123.1274149,49.2526169
1997,"500 W 24th Av",-123.1678177,49.2509942
1998,"29 W 2nd Av",-123.1047899,49.2692885
1999,"52 W 2nd Av",-123.1047899,49.2692885
2000,"118 W 2nd Av",-123.1047899,49.2692885
2001,"336 W 2nd Av",-123.1047899,49.2692885
2002,"525 W 2nd Av",-123.1047899,49.2692885
2003,"1505 W 2nd Av",-123.1377596,49.2698201
2004,"1534 W 2nd Av",-123.1047899,49.2692885
2005,"1650 W 2nd Av",-123.1047899,49.2692885
2006,"1720 W 2nd Av",-123.1047899,49.2692885
2007,"1900 W 2nd Av",-123.1047899,49.2692885
2008,"2102 W 39th Av",-123.1498175,49.2363515
2009,"60 W 3rd Av",-123.1382823,49.268935
2010,"105 W 3rd Av",-123.1382823,49.268935
2011,"124 W 3rd Av",-123.1382823,49.268935
2012,"126 W 3rd Av",-123.1382823,49.268935
2013,"190 W 3rd Av",-123.1382823,49.268935
2014,"290 W 3rd Av",-123.1382823,49.268935
2015,"1777 W 3rd Av",-123.1382823,49.268935
2016,"1780 W 3rd Av",-123.145147,49.268772
2017,"2107 W 40th Av",-123.1152655,49.2344401
2018,"2130 W 40th Av",-123.1152655,49.2344401
2019,"510 W 41st Av",-123.1223585,49.2338223
2020,"2021 W 41st Av",-123.1223585,49.2338223
2021,"2028 W 41st Av",-123.1223585,49.2338223
2022,"2057 W 41st Av",-123.1223585,49.2338223
2023,"2094 W 41st Av",-123.1223585,49.2338223
2024,"2120 W 41st Av",-123.1223585,49.2338223
2025,"2198 W 41st Av",-123.1223585,49.2338223
2026,"2208 W 41st Av",-123.1223585,49.2338223
2027,"2225 W 41st Av",-123.1223585,49.2338223
2028,"2246 W 41st Av",-123.1223585,49.2338223
2029,"2253 W 41st Av",-123.1223585,49.2338223
2030,"2260 W 41st Av",-123.1223585,49.2338223
2031,"2267 W 41st Av",-123.1223585,49.2338223
2032,"2303 W 41st Av",-123.1223585,49.2338223
2033,"2305 W 41st Av",-123.1223585,49.2338223
2034,"2326 W 41st Av",-123.1223585,49.2338223
2035,"2380 W 41st Av",-123.1223585,49.2338223
2036,"2443 W 41st Av",-123.1223585,49.2338223
2037,"2448 W 41st Av",-123.1223585,49.2338223
2038,"2496 W 41st Av",-123.1223585,49.2338223
2039,"3591 W 41st Av",-123.1223585,49.2338223
2040,"1988 W 49th Av",-123.1107309,49.2258785
2041,"165 W 4th",0,0
2042,"38 W 4th Av",-123.1352708,49.2666632
2043,"149 W 4th Av",-123.1352708,49.2666632
2044,"163 W 4th Av",-123.1352708,49.2666632
2045,"165 W 4th Av",-123.1352708,49.2666632
2046,"1590 W 4th Av",-123.140777,49.267824
2047,"1599 W 4th Av",-123.1352708,49.2666632
2048,"1615 W 4th Av",-123.1352708,49.2666632
2049,"1618 W 4th Av",-123.1352708,49.2666632
2050,"1628 W 4th Av",-123.1352708,49.2666632
2051,"1723 W 4th Av",-123.1352708,49.2666632
2052,"1731 W 4th Av",-123.1352708,49.2666632
2053,"1755 W 4th Av",-123.1352708,49.2666632
2054,"1775 W 4th Av",-123.1352708,49.2666632
2055,"1793 W 4th Av",-123.1352708,49.2666632
2056,"1804 W 4th Av",-123.1458534,49.2678835
2057,"1823 W 4th Av",-123.146189,49.268151
2058,"1828 W 4th Av",-123.1352708,49.2666632
2059,"1843 W 4th Av",-123.1352708,49.2666632
2060,"1855 W 4th Av",-123.1352708,49.2666632
2061,"1869 W 4th Av",-123.1352708,49.2666632
2062,"1885 W 4th Av",-123.1352708,49.2666632
2063,"1905 W 4th Av",-123.1352708,49.2666632
2064,"1906 W 4th Av",-123.1352708,49.2666632
2065,"1947 W 4th Av",-123.1352708,49.2666632
2066,"1961 W 4th Av",-123.1352708,49.2666632
2067,"1972 W 4th Av",-123.1352708,49.2666632
2068,"1985 W 4th Av",-123.1352708,49.2666632
2069,"1992 W 4th Av",-123.1352708,49.2666632
2070,"2010 W 4th Av",-123.1352708,49.2666632
2071,"2021 W 4th Av",-123.1352708,49.2666632
2072,"2023 W 4th Av",-123.1352708,49.2666632
2073,"2028 W 4th Av",-123.1352708,49.2666632
2074,"2033 W 4th Av",-123.1352708,49.2666632
2075,"2052 W 4th Av",-123.1352708,49.2666632
2076,"2061 W 4th Av",-123.1352708,49.2666632
2077,"2089 W 4th Av",-123.1522741,49.2682512
2078,"2136 W 4th Av",-123.1352708,49.2666632
2079,"2141 W 4th Av",-123.1352708,49.2666632
2080,"2152 W 4th Av",-123.1352708,49.2666632
2081,"2170 W 4th Av",-123.1352708,49.2666632
2082,"2175 W 4th Av",-123.1352708,49.2666632
2083,"2198 W 4th Av",-123.1352708,49.2666632
2084,"2199 W 4th Av",-123.1352708,49.2666632
2085,"2200 W 4th Av",-123.1352708,49.2666632
2086,"2206 W 4th Av",-123.1352708,49.2666632
2087,"2228 W 4th Av",-123.1352708,49.2666632
2088,"2270 W 4th Av",-123.1352708,49.2666632
2089,"2274 W 4th Av",-123.1352708,49.2666632
2090,"2302 W 4th Av",-123.1352708,49.2666632
2091,"2340 W 4th Av",-123.1352708,49.2666632
2092,"2356 W 4th Av",-123.1352708,49.2666632
2093,"2360 W 4th Av",-123.1352708,49.2666632
2094,"2383 W 4th Av",-123.1352708,49.2666632
2095,"2388 W 4th Av",-123.1352708,49.2666632
2096,"2625 W 4th Av",-123.1352708,49.2666632
2097,"2645 W 4th Av",-123.1352708,49.2666632
2098,"2660 W 4th Av",-123.1352708,49.2666632
2099,"2662 W 4th Av",-123.1352708,49.2666632
2100,"2682 W 4th Av",-123.1352708,49.2666632
2101,"2695 W 4th Av",-123.1352708,49.2666632
2102,"2698 W 4th Av",-123.1352708,49.2666632
2103,"2702 W 4th Av",-123.1352708,49.2666632
2104,"2716 W 4th Av",-123.1352708,49.2666632
2105,"2722 W 4th Av",-123.1352708,49.2666632
2106,"2724 W 4th Av",-123.1352708,49.2666632
2107,"2741 W 4th Av",-123.1352708,49.2666632
2108,"2802 W 4th Av",-123.1352708,49.2666632
2109,"2828 W 4th Av",-123.1352708,49.2666632
2110,"2836 W 4th Av",-123.1352708,49.2666632
2111,"2880 W 4th Av",-123.1352708,49.2666632
2112,"2919 W 4th Av",-123.1352708,49.2666632
2113,"2923 W 4th Av",-123.1352708,49.2666632
2114,"2929 W 4th Av",-123.1352708,49.2666632
2115,"2947 W 4th Av",-123.1352708,49.2666632
2116,"2952 W 4th Av",-123.171322,49.268266
2117,"2954 W 4th Av",-123.1352708,49.2666632
2118,"2958 W 4th Av",-123.1352708,49.2666632
2119,"2959 W 4th Av",-123.1352708,49.2666632
2120,"3303 W 4th Av",-123.1352708,49.2666632
2121,"3327 W 4th Av",-123.1352708,49.2666632
2122,"3337 W 4th Av",-123.1352708,49.2666632
2123,"3502 W 4th Av",-123.1352708,49.2666632
2124,"3512 W 4th Av",-123.1352708,49.2666632
2125,"3525 W 4th Av",-123.1352708,49.2666632
2126,"3545 W 4th Av",-123.1352708,49.2666632
2127,"3570 W 4th Av",-123.1352708,49.2666632
2128,"3571 W 4th Av",-123.1352708,49.2666632
2129,"3590 W 4th Av",-123.1352708,49.2666632
2130,"3598 W 4th Av",-123.1352708,49.2666632
2131,"3600 W 4th Av",-123.1352708,49.2666632
2132,"3605 W 4th Av",-123.1352708,49.2666632
2133,"3608 W 4th Av",-123.1352708,49.2666632
2134,"3621 W 4th Av",-123.1352708,49.2666632
2135,"3644 W 4th Av",-123.1352708,49.2666632
2136,"3650 W 4th Av",-123.1352708,49.2666632
2137,"3651 W 4th Av",-123.1352708,49.2666632
2138,"3654 W 4th Av",-123.1352708,49.2666632
2139,"3661 W 4th Av",-123.1352708,49.2666632
2140,"3689 W 4th Av",-123.1853463,49.2687655
2141,"375 W 5th",0,0
2142,"164 W 5th Av",-123.1127438,49.2666342
2143,"188 W 5th Av",-123.1127438,49.2666342
2144,"188 W 5th Av",-123.1127438,49.2666342
2145,"28 W 5th Ave",-123.1127438,49.2666342
2146,"32 W 5th Ave",-123.1127438,49.2666342
2147,"204 W 6th",0,0
2148,"112 W 6th Av",-123.1171649,49.2658921
2149,"196 W 6th Av",-123.1171649,49.2658921
2150,"199 W 6th Av",-123.1171649,49.2658921
2151,"1520 W 6th Av",-123.139239,49.266083
2152,"1595 W 6th Av",-123.1171649,49.2658921
2153,"4 W 7th Av",-123.179781,49.2659533
2154,"75 W 7th Av",-123.1094691,49.2647542
2155,"228 W 7th Av",-123.1174526,49.2650067
2156,"331 W 7th Av",-123.1174526,49.2650067
2157,"368 W 7th Av",-123.1174526,49.2650067
2158,"1399 W 7th Av",-123.135885,49.265473
2159,"1557 W 7th Av",-123.1174526,49.2650067
2160,"1581 W 7th Av",-123.1174526,49.2650067
2161,"386 W 8th",0,0
2162,"402 W 8th",0,0
2163,"457 W 8th",0,0
2164,"473 W 8th",0,0
2165,"510 W 8th",0,0
2166,"33 W 8th Av",-123.1392484,49.2645102
2167,"77 W 8th Av",-123.1392484,49.2645102
2168,"138 W 8th Av",-123.1392484,49.2645102
2169,"156 W 8th Av",-123.1392484,49.2645102
2170,"224 W 8th Av",-123.1217905,49.2642259
2171,"260 W 8th Av",-123.1392484,49.2645102
2172,"288 W 8th Av",-123.1392484,49.2645102
2173,"342 W 8th Av",-123.1392484,49.2645102
2174,"386 W 8th Av",-123.1392484,49.2645102
2175,"390 W 8th Av",-123.1392484,49.2645102
2176,"428 W 8th Av",-123.1392484,49.2645102
2177,"900 W 8th Av",-123.1392484,49.2645102
2178,"1500 W 8th Av",-123.1392484,49.2645102
2179,"1525 W 8th Av",-123.1392484,49.2645102
2180,"15 W 8th Ave",-123.1053178,49.2639004
2181,"42 W 8th Ave",-123.1217905,49.2642259
2182,"112 W Broadway",-123.1378586,49.2635823
2183,"130 W Broadway",-123.1378586,49.2635823
2184,"137 W Broadway",-123.1076705,49.2632036
2185,"147 W Broadway",-123.1378586,49.2635823
2186,"155 W Broadway",-123.1378586,49.2635823
2187,"195 W Broadway",-123.1378586,49.2635823
2188,"222 W Broadway",-123.1378586,49.2635823
2189,"230 W Broadway",-123.1378586,49.2635823
2190,"375 W Broadway",-123.1378586,49.2635823
2191,"496 W Broadway",-123.1378586,49.2635823
2192,"500 W Broadway",-123.1378586,49.2635823
2193,"532 W Broadway",-123.1159095,49.2630718
2194,"601 W Broadway",-123.1182323,49.2634113
2195,"632 W Broadway",-123.1180776,49.2631186
2196,"665 W Broadway",-123.1378586,49.2635823
2197,"686 W Broadway",-123.1378586,49.2635823
2198,"695 W Broadway",-123.1196602,49.2634442
2199,"777 W Broadway",-123.120721,49.263518
2200,"885 W Broadway",-123.1378586,49.2635823
2201,"901 W Broadway",-123.1378586,49.2635823
2202,"906 W Broadway",-123.1378586,49.2635823
2203,"973 W Broadway",-123.1378586,49.2635823
2204,"1030 W Broadway",-123.1275899,49.2632988
2205,"1128 W Broadway",-123.1297181,49.2633115
2206,"1245 W Broadway",-123.133032,49.263613
2207,"1268 W Broadway",-123.1378586,49.2635823
2208,"1278 W Broadway",-123.1378586,49.2635823
2209,"1285 W Broadway",-123.1378586,49.2635823
2210,"1421 W Broadway",-123.1367655,49.2637358
2211,"1595 W Broadway",-123.1378586,49.2635823
2212,"1701 W Broadway",-123.1378586,49.2635823
2213,"1724 W Broadway",-123.1378586,49.2635823
2214,"1727 W Broadway",-123.1378586,49.2635823
2215,"1755 W Broadway",-123.1378586,49.2635823
2216,"1867 W Broadway",-123.1378586,49.2635823
2217,"1885 W Broadway",-123.1378586,49.2635823
2218,"1900 W Broadway",-123.1378586,49.2635823
2219,"2221 W Broadway",-123.1378586,49.2635823
2220,"2225 W Broadway",-123.1378586,49.2635823
2221,"2245 W Broadway",-123.1378586,49.2635823
2222,"2255 W Broadway",-123.1378586,49.2635823
2223,"2283 W Broadway",-123.1378586,49.2635823
2224,"2289 W Broadway",-123.1378586,49.2635823
2225,"2300 W Broadway",-123.1378586,49.2635823
2226,"2303 W Broadway",-123.1378586,49.2635823
2227,"2306 W Broadway",-123.1378586,49.2635823
2228,"2505 W Broadway",-123.1378586,49.2635823
2229,"2518 W Broadway",-123.1378586,49.2635823
2230,"2529 W Broadway",-123.1378586,49.2635823
2231,"2545 W Broadway",-123.1378586,49.2635823
2232,"2579 W Broadway",-123.1378586,49.2635823
2233,"2581 W Broadway",-123.1378586,49.2635823
2234,"2582 W Broadway",-123.1378586,49.2635823
2235,"2665 W Broadway",-123.1378586,49.2635823
2236,"2671 W Broadway",-123.1378586,49.2635823
2237,"2681 W Broadway",-123.1378586,49.2635823
2238,"2684 W Broadway",-123.1378586,49.2635823
2239,"2696 W Broadway",-123.1378586,49.2635823
2240,"2699 W Broadway",-123.1378586,49.2635823
2241,"2732 W Broadway",-123.1378586,49.2635823
2242,"2733 W Broadway",-123.1378586,49.2635823
2243,"2786 W Broadway",-123.1378586,49.2635823
2244,"2790 W Broadway",-123.1378586,49.2635823
2245,"2821 W Broadway",-123.1378586,49.2635823
2246,"2837 W Broadway",-123.1378586,49.2635823
2247,"2868 W Broadway",-123.1378586,49.2635823
2248,"2886 W Broadway",-123.1378586,49.2635823
2249,"2902 W Broadway",-123.1378586,49.2635823
2250,"2902 W Broadway",-123.1378586,49.2635823
2251,"2909 W Broadway",-123.1378586,49.2635823
2252,"2934 W Broadway",-123.1378586,49.2635823
2253,"2979 W Broadway",-123.1378586,49.2635823
2254,"3031 W Broadway",-123.1378586,49.2635823
2255,"3035 W Broadway",-123.1378586,49.2635823
2256,"3036 W Broadway",-123.1378586,49.2635823
2257,"3038 W Broadway",-123.1378586,49.2635823
2258,"3045 W Broadway",-123.1378586,49.2635823
2259,"3065 W Broadway",-123.173219,49.264118
2260,"3066 W Broadway",-123.1378586,49.2635823
2261,"3083 W Broadway",-123.173815,49.264195
2262,"3083 W Broadway",-123.173815,49.264195
2263,"3091 W Broadway",-123.1378586,49.2635823
2264,"3102 W Broadway",-123.174166,49.264044
2265,"3102 W Broadway",-123.174166,49.264044
2266,"3105 W Broadway",-123.1378586,49.2635823
2267,"3123 W Broadway",-123.1378586,49.2635823
2268,"3124 W Broadway",-123.1378586,49.2635823
2269,"3126 W Broadway",-123.174703,49.26404
2270,"3135 W Broadway",-123.1378586,49.2635823
2271,"3143 W Broadway",-123.1378586,49.2635823
2272,"3145 W Broadway",-123.1378586,49.2635823
2273,"3156 W Broadway",-123.1378586,49.2635823
2274,"3235 W Broadway",-123.1378586,49.2635823
2275,"3236 W Broadway",-123.1378586,49.2635823
2276,"3287 W Broadway",-123.1378586,49.2635823
2277,"3291 W Broadway",-123.1378586,49.2635823
2278,"3298 W Broadway",-123.1378586,49.2635823
2279,"3308 W Broadway",-123.1378586,49.2635823
2280,"3310 W Broadway",-123.1378586,49.2635823
2281,"3311 W Broadway",-123.1378586,49.2635823
2282,"3313 W Broadway",-123.1378586,49.2635823
2283,"3328 W Broadway",-123.1378586,49.2635823
2284,"3349 W Broadway",-123.1378586,49.2635823
2285,"3422 W Broadway",-123.1378586,49.2635823
2286,"3428 W Broadway",-123.1378586,49.2635823
2287,"3431 W Broadway",-123.1810669,49.2644154
2288,"3454 W Broadway",-123.1378586,49.2635823
2289,"3485 W Broadway",-123.1378586,49.2635823
2290,"3496 W Broadway",-123.1378586,49.2635823
2291,"3555 W Broadway",-123.1378586,49.2635823
2292,"3661 W Broadway",-123.1378586,49.2635823
2293,"3673 W Broadway",-123.1378586,49.2635823
2294,"2 W Cordova St",-123.1175882,49.2879191
2295,"108 W Cordova St",-123.1068126,49.2829109
2296,"301 W Cordova St",-123.1068126,49.2829109
2297,"314 W Cordova St",-123.1068126,49.2829109
2298,"403 W Cordova St",-123.1068126,49.2829109
2299,"415 W Cordova St",-123.1068126,49.2829109
2300,"601 W Cordova St",-123.1114016,49.2853939
2301,"1100 W Cordova St",-123.1068126,49.2829109
2302,"180 W Georgia St",-123.1129606,49.2788858
2303,"555 W Georgia St",-123.1337406,49.2925932
2304,"650 W Georgia St",-123.1337406,49.2925932
2305,"702 W Georgia St",-123.1337406,49.2925932
2306,"885 W Georgia St",-123.1337406,49.2925932
2307,"925 W Georgia St",-123.1337406,49.2925932
2308,"1025 W Georgia St",-123.1337406,49.2925932
2309,"1030 W Georgia St",-123.1337406,49.2925932
2310,"1055 W Georgia St",-123.1337406,49.2925932
2311,"1616 W Georgia St",-123.1337406,49.2925932
2312,"1177 W Hastings",0,0
2313,"30 W Hastings St",-123.1126902,49.2845461
2314,"43 W Hastings St",-123.1126902,49.2845461
2315,"58 W Hastings St",-123.1126902,49.2845461
2316,"84 W Hastings St",-123.1126902,49.2845461
2317,"106 W Hastings St",-123.1126902,49.2845461
2318,"112 W Hastings St",-123.1126902,49.2845461
2319,"126 W Hastings St",-123.1126902,49.2845461
2320,"128 W Hastings St",-123.1082436,49.2820389
2321,"134 W Hastings St",-123.1126902,49.2845461
2322,"163 W Hastings St",-123.1126902,49.2845461
2323,"198 W Hastings St",-123.1126902,49.2845461
2324,"207 W Hastings St",-123.1096481,49.2827611
2325,"219 W Hastings St",-123.1126902,49.2845461
2326,"227 W Hastings St",-123.1126902,49.2845461
2327,"300 W Hastings St",-123.1093484,49.2823953
2328,"314 W Hastings St",-123.1126902,49.2845461
2329,"324 W Hastings St",-123.1126902,49.2845461
2330,"337 W Hastings St",-123.1126902,49.2845461
2331,"400 W Hastings St",-123.1093484,49.2823953
2332,"412 W Hastings St",-123.1126902,49.2845461
2333,"473 W Hastings St",-123.1126902,49.2845461
2334,"492 W Hastings St",-123.1126902,49.2845461
2335,"510 W Hastings St",-123.1126902,49.2845461
2336,"515 W Hastings St",-123.1126902,49.2845461
2337,"555 W Hastings St",-123.1120436,49.2843503
2338,"601 W Hastings St",-123.1126902,49.2845461
2339,"602 W Hastings St",-123.1126902,49.2845461
2340,"609 W Hastings St",-123.1126902,49.2845461
2341,"675 W Hastings St",-123.1126902,49.2845461
2342,"688 W Hastings St",-123.1135281,49.2849342
2343,"700 W Hastings St",-123.1126902,49.2845461
2344,"808 W Hastings St",-123.1126902,49.2845461
2345,"838 W Hastings St",-123.1126902,49.2845461
2346,"848 W Hastings St",-123.1126902,49.2845461
2347,"850 W Hastings St",-123.1126902,49.2845461
2348,"900 W Hastings St",-123.1163208,49.2870566
2349,"1055 W Hastings St",-123.118241396,49.28776585
2350,"1099 W Hastings St",-123.1126902,49.2845461
2351,"1111 W Hastings St",-123.1126902,49.2845461
2352,"1133 W Hastings St",-123.120691217,49.28851735
2353,"1177 W Hastings St",-123.1126902,49.2845461
2354,"59 W Pender St",-123.1255651,49.2890261
2355,"300 W Pender St",-123.1255651,49.2890261
2356,"309 W Pender St",-123.1255651,49.2890261
2357,"319 W Pender St",-123.1255651,49.2890261
2358,"328 W Pender St",-123.1255651,49.2890261
2359,"338 W Pender St",-123.1255651,49.2890261
2360,"344 W Pender St",-123.1255651,49.2890261
2361,"402 W Pender St",-123.1121234,49.2827283
2362,"416 W Pender St",-123.1255651,49.2890261
2363,"433 W Pender St",-123.1255651,49.2890261
2364,"445 W Pender St",-123.1255651,49.2890261
2365,"455 W Pender St",-123.1255651,49.2890261
2366,"518 W Pender St",-123.1255651,49.2890261
2367,"605 W Pender St",-123.1255651,49.2890261
2368,"617 W Pender St",-123.1255651,49.2890261
2369,"789 W Pender St",-123.1255651,49.2890261
2370,"819 W Pender St",-123.1255651,49.2890261
2371,"829 W Pender St",-123.1255651,49.2890261
2372,"830 W Pender St",-123.1255651,49.2890261
2373,"1095 W Pender St",-123.1255651,49.2890261
2374,"1139 W Pender St",-123.1255651,49.2890261
2375,"1140 W Pender St",-123.1255651,49.2890261
2376,"402 W Pender St ",-123.1121234,49.2827283
2377,"3 Water St",-123.1082061,49.2841843
2378,"10 Water St",-123.1082061,49.2841843
2379,"19 Water St",-123.1082061,49.2841843
2380,"55 Water St",-123.1082061,49.2841843
2381,"65 Water St",-123.1082061,49.2841843
2382,"102 Water St",-123.1066382,49.2837965
2383,"142 Water St",-123.1082061,49.2841843
2384,"199 Water St",-123.1082061,49.2841843
2385,"322 Water St",-123.1082061,49.2841843
2386,"332 Water St",-123.1098478,49.2842245
2387,"375 Water St",-123.1105906,49.2848448
2388,"5435 West Boulevard",-123.1557118,49.2308611
2389,"5663 West Boulevard",-123.1557118,49.2308611
2390,"5665 West Boulevard",-123.1557118,49.2308611
2391,"5765 West Boulevard",-123.1557118,49.2308611
2392,"5777 West Boulevard",-123.1557118,49.2308611
2393,"6191 West Boulevard",-123.1557118,49.2308611
2394,"2300 Willow St",-123.1223319,49.2490545
2395,"1601 Yew",-123.1555682,49.242594
2396,"1500 Yew St",-123.1552318,49.2656297
2397,"1520 Yew St",-123.1552318,49.2656297
2398,"1555 Yew St",-123.1552318,49.2656297
2399,"1601 Yew St",-123.1552318,49.2656297
2400,"2327 Yew St",-123.1552318,49.2656297
2401,"5687 Yew St",-123.1552318,49.2656297
2402,"5692 Yew St",-123.1552318,49.2656297
2403,"2201 York",-123.1662349,49.2718863
2404,"1800 York Av",-123.1502349,49.2716134
2405,"1900 York Av",-123.1502349,49.2716134
2406,"1900 York Av",-123.1502349,49.2716134
2407,"2204 York Av",-123.1502349,49.2716134
2408,"2450 Yukon St",-123.1151253,49.2094334
2409,"2459 Yukon St",-123.1151253,49.2094334
2410,"2490 Yukon St",-123.1151253,49.2094334